dahlstrand.net/30-dagarsregeln/,https://dahlstrand.net/2013/01/01/dagarsregeln.html,301
dahlstrand.net/1630004654/,https://dahlstrand.net/2021/08/26/sanna-read-a.html,301
dahlstrand.net/1630006674/,https://dahlstrand.net/2021/08/26/my-view-outside.html,301
dahlstrand.net/1630066986/,https://dahlstrand.net/2021/08/27/would-you-like.html,301
dahlstrand.net/1630175494/,https://dahlstrand.net/2021/08/28/kantarellpizza-chanterelle-gruyre.html,301
dahlstrand.net/1630188993/,https://dahlstrand.net/2021/08/28/this-grandfather-clock.html,301
dahlstrand.net/1630232065/,https://dahlstrand.net/2021/08/29/lets-see-if.html,301
dahlstrand.net/1630320548/,https://dahlstrand.net/2021/08/30/feel-these-words.html,301
dahlstrand.net/1630357714/,https://dahlstrand.net/2021/08/30/the-other-day.html,301
dahlstrand.net/1630446658/,https://dahlstrand.net/2021/08/31/four-months-ago.html,301
dahlstrand.net/1630529694/,https://dahlstrand.net/2021/09/01/today-our-mini.html,301
dahlstrand.net/1630701806/,https://dahlstrand.net/2021/09/03/yesterday-a-trip.html,301
dahlstrand.net/1630742819/,https://dahlstrand.net/2021/09/04/close-to-where.html,301
dahlstrand.net/1630744561/,https://dahlstrand.net/2021/09/04/this-sticker-was.html,301
dahlstrand.net/1630874032/,https://dahlstrand.net/2021/09/05/another-one-from.html,301
dahlstrand.net/1630877205/,https://dahlstrand.net/2021/09/05/today-i-read.html,301
dahlstrand.net/1631202050/,https://dahlstrand.net/2021/09/09/just-before-sundown.html,301
dahlstrand.net/1631571280/,https://dahlstrand.net/2021/09/13/our-favorite-lateafternoonwine.html,301
dahlstrand.net/1632233920/,https://dahlstrand.net/2021/09/21/i-love-discovering.html,301
dahlstrand.net/1633880296/,https://dahlstrand.net/2021/10/10/163800.html,301
dahlstrand.net/1633952648/,https://dahlstrand.net/2021/10/11/here-in-sweden.html,301
dahlstrand.net/1634552095/,https://dahlstrand.net/2021/10/18/a-couple-of.html,301
dahlstrand.net/1636112313/,https://dahlstrand.net/2021/11/05/are-you-yearning.html,301
dahlstrand.net/1636664799/,https://dahlstrand.net/2021/11/11/not-for-me.html,301
dahlstrand.net/1637827639/,https://dahlstrand.net/2021/11/25/bent-over-backward.html,301
dahlstrand.net/1637936699/,https://dahlstrand.net/2021/11/26/hate-typing-on.html,301
dahlstrand.net/1639427490/,https://dahlstrand.net/2021/12/13/its-book-launch.html,301
dahlstrand.net/1640727270/,https://dahlstrand.net/2021/12/28/my-reply-by.html,301
dahlstrand.net/1640782079/,https://dahlstrand.net/2021/12/29/humans-exploiting-the.html,301
dahlstrand.net/1640819699/,https://dahlstrand.net/2021/12/30/want-reply-on.html,301
dahlstrand.net/1640877570/,https://dahlstrand.net/2021/12/30/a-beta-version.html,301
dahlstrand.net/1640954230/,https://dahlstrand.net/2021/12/31/sanna-made-this.html,301
dahlstrand.net/1641224131/,https://dahlstrand.net/2022/01/03/computed-tomography-scans.html,301
dahlstrand.net/1641335061/,https://dahlstrand.net/2022/01/04/see-that-surprise.html,301
dahlstrand.net/1641417429/,https://dahlstrand.net/2022/01/05/surprise-me-has.html,301
dahlstrand.net/1641684468/,https://dahlstrand.net/2022/01/09/wouldnt-it-be.html,301
dahlstrand.net/1642867984/,https://dahlstrand.net/2022/01/22/we-went-out.html,301
dahlstrand.net/1642944790/,https://dahlstrand.net/2022/01/23/one-more-from.html,301
dahlstrand.net/1643401220/,https://dahlstrand.net/2022/01/28/my-list-of.html,301
dahlstrand.net/1645270269/,https://dahlstrand.net/2022/02/19/the-snow-made.html,301
dahlstrand.net/1646992321/,https://dahlstrand.net/2022/03/11/micro-camp-is.html,301
dahlstrand.net/1648157599/,https://dahlstrand.net/2022/03/24/i-just-learned.html,301
dahlstrand.net/1649089665/,https://dahlstrand.net/2022/04/04/a-new-monkey.html,301
dahlstrand.net/1649362924/,https://dahlstrand.net/2022/04/07/if-you-grew.html,301
dahlstrand.net/1649537311/,https://dahlstrand.net/2022/04/09/in-a-pinch.html,301
dahlstrand.net/1649850282/,https://dahlstrand.net/2022/04/13/my-copy-of.html,301
dahlstrand.net/1649930499/,https://dahlstrand.net/2022/04/14/today-i-have.html,301
dahlstrand.net/1650468561/,https://dahlstrand.net/2022/04/20/spring-is-here.html,301
dahlstrand.net/1650612338/,https://dahlstrand.net/2022/04/22/the-musings-in.html,301
dahlstrand.net/1651436677/,https://dahlstrand.net/2022/05/01/ive-put-a.html,301
dahlstrand.net/1651524184/,https://dahlstrand.net/2022/05/02/a-photo-of.html,301
dahlstrand.net/1651605632/,https://dahlstrand.net/2022/05/03/a-couple-of.html,301
dahlstrand.net/1651694999/,https://dahlstrand.net/2022/05/04/day-four-of.html,301
dahlstrand.net/1651786827/,https://dahlstrand.net/2022/05/05/day-five-should.html,301
dahlstrand.net/1651836613/,https://dahlstrand.net/2022/05/06/matchbox-silhouette-on.html,301
dahlstrand.net/1651923526/,https://dahlstrand.net/2022/05/07/located-on-the.html,301
dahlstrand.net/1652010601/,https://dahlstrand.net/2022/05/08/on-the-eighth.html,301
dahlstrand.net/1652127301/,https://dahlstrand.net/2022/05/09/yes-yes-ill.html,301
dahlstrand.net/1652164369/,https://dahlstrand.net/2022/05/10/during-one-of.html,301
dahlstrand.net/1652254938/,https://dahlstrand.net/2022/05/11/this-one-has.html,301
dahlstrand.net/1652383644/,https://dahlstrand.net/2022/05/12/tranquillity-for-day.html,301
dahlstrand.net/1652473531/,https://dahlstrand.net/2022/05/13/one-of-the.html,301
dahlstrand.net/1652558240/,https://dahlstrand.net/2022/05/14/carrot-cake-and.html,301
dahlstrand.net/1652634964/,https://dahlstrand.net/2022/05/15/clouds-day-of.html,301
dahlstrand.net/1652729926/,https://dahlstrand.net/2022/05/16/lets-go-back.html,301
dahlstrand.net/1652824601/,https://dahlstrand.net/2022/05/17/oh-man-we.html,301
dahlstrand.net/1652883456/,https://dahlstrand.net/2022/05/18/day-there-are.html,301
dahlstrand.net/1652987280/,https://dahlstrand.net/2022/05/19/day-comics-indulgence.html,301
dahlstrand.net/1652994528/,https://dahlstrand.net/2022/05/19/weirdly-ive-never.html,301
dahlstrand.net/1653058070/,https://dahlstrand.net/2022/05/20/todays-smoothie-frozen.html,301
dahlstrand.net/1653168096/,https://dahlstrand.net/2022/05/21/with-just-about.html,301
dahlstrand.net/1653214761/,https://dahlstrand.net/2022/05/22/six-years-ago.html,301
dahlstrand.net/1653336508/,https://dahlstrand.net/2022/05/23/on-the-twentythird.html,301
dahlstrand.net/1653428024/,https://dahlstrand.net/2022/05/24/i-love-when.html,301
dahlstrand.net/1653515324/,https://dahlstrand.net/2022/05/25/hiaklitten-is-probably.html,301
dahlstrand.net/1653596350/,https://dahlstrand.net/2022/05/26/when-this-post.html,301
dahlstrand.net/1653664512/,https://dahlstrand.net/2022/05/27/luckily-we-stumbled.html,301
dahlstrand.net/1653770237/,https://dahlstrand.net/2022/05/28/september-last-year.html,301
dahlstrand.net/1653854135/,https://dahlstrand.net/2022/05/29/if-you-havent.html,301
dahlstrand.net/1653938534/,https://dahlstrand.net/2022/05/30/robins-tap-essay.html,301
dahlstrand.net/1654034273/,https://dahlstrand.net/2022/05/31/endurance-is-most.html,301
dahlstrand.net/1655017306/,https://dahlstrand.net/2022/06/12/andy-is-on.html,301
dahlstrand.net/1655448745/,https://dahlstrand.net/2022/06/17/just-emptied-my.html,301
dahlstrand.net/1655719076/,https://dahlstrand.net/2022/06/20/its-lunchtime-and.html,301
dahlstrand.net/1655980171/,https://dahlstrand.net/2022/06/23/ive-had-a.html,301
dahlstrand.net/1656193517/,https://dahlstrand.net/2022/06/25/we-did-it.html,301
dahlstrand.net/1656450885/,https://dahlstrand.net/2022/06/28/i-just-had.html,301
dahlstrand.net/1656937679/,https://dahlstrand.net/2022/07/04/congratulations-manton-i.html,301
dahlstrand.net/1659708406/,https://dahlstrand.net/2022/08/05/turns-out-our.html,301
dahlstrand.net/1659807001/,https://dahlstrand.net/2022/08/06/today-we-took.html,301
dahlstrand.net/1659987753/,https://dahlstrand.net/2022/08/08/is-an-online.html,301
dahlstrand.net/1660080986/,https://dahlstrand.net/2022/08/09/the-hackers-on.html,301
dahlstrand.net/1660170009/,https://dahlstrand.net/2022/08/10/to-answer-my.html,301
dahlstrand.net/1660247526/,https://dahlstrand.net/2022/08/11/ive-really-mastered.html,301
dahlstrand.net/1660772186/,https://dahlstrand.net/2022/08/17/what-a-day.html,301
dahlstrand.net/1661339773/,https://dahlstrand.net/2022/08/24/i-moved-my.html,301
dahlstrand.net/1661348424/,https://dahlstrand.net/2022/08/24/a-huge-green.html,301
dahlstrand.net/1661685830/,https://dahlstrand.net/2022/08/28/last-week-we.html,301
dahlstrand.net/1661806025/,https://dahlstrand.net/2022/08/29/i-just-emptied.html,301
dahlstrand.net/1662366953/,https://dahlstrand.net/2022/09/05/monday-morning-tidbits.html,301
dahlstrand.net/1662559593/,https://dahlstrand.net/2022/09/07/i-just-packed.html,301
dahlstrand.net/1663343640/,https://dahlstrand.net/2022/09/16/its-friday-close.html,301
dahlstrand.net/1663424717/,https://dahlstrand.net/2022/09/17/saturday-is-market.html,301
dahlstrand.net/1663430115/,https://dahlstrand.net/2022/09/17/last-weekend-sanna.html,301
dahlstrand.net/1663583313/,https://dahlstrand.net/2022/09/19/ever-wanted-to.html,301
dahlstrand.net/1663711157/,https://dahlstrand.net/2022/09/20/my-upcoming-plugin.html,301
dahlstrand.net/1663775733/,https://dahlstrand.net/2022/09/21/the-beta-arrives.html,301
dahlstrand.net/1663863117/,https://dahlstrand.net/2022/09/22/the-search-space.html,301
dahlstrand.net/1664089722/,https://dahlstrand.net/2022/09/25/morning-coffee-and.html,301
dahlstrand.net/1664259981/,https://dahlstrand.net/2022/09/27/ive-reached-the.html,301
dahlstrand.net/1664270434/,https://dahlstrand.net/2022/09/27/jag-r-med.html,301
dahlstrand.net/1664479278/,https://dahlstrand.net/2022/09/29/makeavideo-is-metas.html,301
dahlstrand.net/1664553428/,https://dahlstrand.net/2022/09/30/i-just-released.html,301
dahlstrand.net/1664639733/,https://dahlstrand.net/2022/10/01/homemade-apple-pie.html,301
dahlstrand.net/1664743804/,https://dahlstrand.net/2022/10/02/we-had-multiple.html,301
dahlstrand.net/1664825809/,https://dahlstrand.net/2022/10/03/tremors-in-the.html,301
dahlstrand.net/1664914094/,https://dahlstrand.net/2022/10/04/is-kilogram-the.html,301
dahlstrand.net/1665322487/,https://dahlstrand.net/2022/10/09/had-a-great.html,301
dahlstrand.net/1665560830/,https://dahlstrand.net/2022/10/12/but-when-i.html,301
dahlstrand.net/1665766326/,https://dahlstrand.net/2022/10/14/were-going-allin.html,301
dahlstrand.net/1665921133/,https://dahlstrand.net/2022/10/16/have-fond-memories.html,301
dahlstrand.net/1666377162/,https://dahlstrand.net/2022/10/21/everything-i-have.html,301
dahlstrand.net/1666383912/,https://dahlstrand.net/2022/10/21/were-having-friends.html,301
dahlstrand.net/1666639796/,https://dahlstrand.net/2022/10/24/im-reading-snow.html,301
dahlstrand.net/1666732122/,https://dahlstrand.net/2022/10/25/wow-how-cute.html,301
dahlstrand.net/1666849245/,https://dahlstrand.net/2022/10/27/any-app-with.html,301
dahlstrand.net/1667287260/,https://dahlstrand.net/2022/11/01/private-likes-private.html,301
dahlstrand.net/1667343468/,https://dahlstrand.net/2022/11/01/lets-figure-out.html,301
dahlstrand.net/1667413229/,https://dahlstrand.net/2022/11/02/what-a-feast.html,301
dahlstrand.net/1667511856/,https://dahlstrand.net/2022/11/03/back-in-there.html,301
dahlstrand.net/1667602755/,https://dahlstrand.net/2022/11/04/i-admire-my.html,301
dahlstrand.net/1667660001/,https://dahlstrand.net/2022/11/05/afternoon-coffee-and.html,301
dahlstrand.net/1667762032/,https://dahlstrand.net/2022/11/06/we-just-released.html,301
dahlstrand.net/1667842940/,https://dahlstrand.net/2022/11/07/its-micro-monday.html,301
dahlstrand.net/1667852717/,https://dahlstrand.net/2022/11/07/got-some-insight.html,301
dahlstrand.net/1667941038/,https://dahlstrand.net/2022/11/08/hi-greta-welcome.html,301
dahlstrand.net/1667948357/,https://dahlstrand.net/2022/11/08/struggling-with-todays.html,301
dahlstrand.net/1667948852/,https://dahlstrand.net/2022/11/09/youve-started-a.html,301
dahlstrand.net/1668032052/,https://dahlstrand.net/2022/11/09/now-i-know.html,301
dahlstrand.net/1668067378/,https://dahlstrand.net/2022/11/10/pers-recommendations-for.html,301
dahlstrand.net/1668067918/,https://dahlstrand.net/2022/11/10/im-in-luck.html,301
dahlstrand.net/1668108786/,https://dahlstrand.net/2022/11/10/for-my-part.html,301
dahlstrand.net/1668200483/,https://dahlstrand.net/2022/11/11/i-started-counting.html,301
dahlstrand.net/1668284670/,https://dahlstrand.net/2022/11/12/i-have-a.html,301
dahlstrand.net/1668296842/,https://dahlstrand.net/2022/11/13/and-then-a.html,301
dahlstrand.net/1668368639/,https://dahlstrand.net/2022/11/13/with-the-fall.html,301
dahlstrand.net/1668370884/,https://dahlstrand.net/2022/11/13/so-i-hung.html,301
dahlstrand.net/1668375731/,https://dahlstrand.net/2022/11/13/the-earliest-microblog.html,301
dahlstrand.net/1668421500/,https://dahlstrand.net/2022/11/14/additionally-and-specifically.html,301
dahlstrand.net/1668462117/,https://dahlstrand.net/2022/11/14/everyone-leave-the.html,301
dahlstrand.net/1668518585/,https://dahlstrand.net/2022/11/15/con-might-be.html,301
dahlstrand.net/1668522561/,https://dahlstrand.net/2022/11/15/if-youre-leaving.html,301
dahlstrand.net/1668541793/,https://dahlstrand.net/2022/11/15/game-boy-gekkio.html,301
dahlstrand.net/1668545732/,https://dahlstrand.net/2022/11/15/i-miss-you.html,301
dahlstrand.net/1668633979/,https://dahlstrand.net/2022/11/16/if-you-ever.html,301
dahlstrand.net/1668719977/,https://dahlstrand.net/2022/11/17/i-love-how.html,301
dahlstrand.net/1668807453/,https://dahlstrand.net/2022/11/18/three-things-to.html,301
dahlstrand.net/1668871005/,https://dahlstrand.net/2022/11/19/sanna-taking-a.html,301
dahlstrand.net/1668954963/,https://dahlstrand.net/2022/11/20/partial-repeat-from.html,301
dahlstrand.net/1669044976/,https://dahlstrand.net/2022/11/21/just-got-an.html,301
dahlstrand.net/1669054715/,https://dahlstrand.net/2022/11/21/searching-for-ice.html,301
dahlstrand.net/1669148439/,https://dahlstrand.net/2022/11/21/searching-for-ice.html,301
dahlstrand.net/1669199473/,https://dahlstrand.net/2022/11/23/yay-haydon-is.html,301
dahlstrand.net/1669274160/,https://dahlstrand.net/2022/11/24/sipping-my-morning.html,301
dahlstrand.net/1669388063/,https://dahlstrand.net/2022/11/25/our-morning-coffee.html,301
dahlstrand.net/1669403271/,https://dahlstrand.net/2022/11/25/its-feedreaderfriday-everyone.html,301
dahlstrand.net/1669499131/,https://dahlstrand.net/2022/11/26/many-years-ago.html,301
dahlstrand.net/1669539725/,https://dahlstrand.net/2022/11/27/with-a-breakfast.html,301
dahlstrand.net/1669671469/,https://dahlstrand.net/2022/11/28/tom-shares-positive.html,301
dahlstrand.net/1669761353/,https://dahlstrand.net/2022/11/29/i-love-the.html,301
dahlstrand.net/1669810196/,https://dahlstrand.net/2022/11/30/if-youre-the.html,301
dahlstrand.net/1669985298/,https://dahlstrand.net/2022/12/02/this-year-i.html,301
dahlstrand.net/1670017739/,https://dahlstrand.net/2022/12/02/for-todays-feedreaderfriday.html,301
dahlstrand.net/1670057004/,https://dahlstrand.net/2022/12/03/want-to-print.html,301
dahlstrand.net/1670187159/,https://dahlstrand.net/2022/12/04/mindmeltparty-is-definitely.html,301
dahlstrand.net/1670404693/,https://dahlstrand.net/2022/12/07/apples-self-service.html,301
dahlstrand.net/1670440320/,https://dahlstrand.net/2022/12/07/better-late-than.html,301
dahlstrand.net/1670443202/,https://dahlstrand.net/2022/12/07/i-love-how.html,301
dahlstrand.net/1670488394/,https://dahlstrand.net/2022/12/08/glad-to-see.html,301
dahlstrand.net/1670572927/,https://dahlstrand.net/2022/12/09/this-excellent-guide.html,301
dahlstrand.net/1670607057/,https://dahlstrand.net/2022/12/09/happy-feedreaderfriday-today.html,301
dahlstrand.net/1670608340/,https://dahlstrand.net/2022/12/09/today-we-made.html,301
dahlstrand.net/1670761215/,https://dahlstrand.net/2022/12/11/so-lex-just.html,301
dahlstrand.net/1670793343/,https://dahlstrand.net/2022/12/11/simone-giertz-on.html,301
dahlstrand.net/1670970744/,https://dahlstrand.net/2022/12/13/if-you-like.html,301
dahlstrand.net/1671289550/,https://dahlstrand.net/2022/12/17/the-teaser-for.html,301
dahlstrand.net/1671375450/,https://dahlstrand.net/2022/12/18/a-week-or.html,301
dahlstrand.net/1673904447/,https://dahlstrand.net/2023/01/16/we-are-changing.html,301
dahlstrand.net/1673987806/,https://dahlstrand.net/2023/01/17/metalcore-yurufuwa-soft.html,301
dahlstrand.net/1674381482/,https://dahlstrand.net/2023/01/22/on-this-misty.html,301
dahlstrand.net/1674756208/,https://dahlstrand.net/2023/01/26/the-next-murderbot.html,301
dahlstrand.net/1674825920/,https://dahlstrand.net/2023/01/27/this-feedreaderfriday-you.html,301
dahlstrand.net/1674841277/,https://dahlstrand.net/2023/01/27/wine-the-heinrich.html,301
dahlstrand.net/1675168249/,https://dahlstrand.net/2023/01/31/the-study-is.html,301
dahlstrand.net/1675195807/,https://dahlstrand.net/2023/01/31/endofday-update-the.html,301
dahlstrand.net/1675376511/,https://dahlstrand.net/2023/02/02/ai-is-increasingly.html,301
dahlstrand.net/1675437526/,https://dahlstrand.net/2023/02/03/books-and-potted.html,301
dahlstrand.net/1675450591/,https://dahlstrand.net/2023/02/03/om-du-gillar.html,301
dahlstrand.net/1675451910/,https://dahlstrand.net/2023/02/03/its-feedreaderfriday-already.html,301
dahlstrand.net/1675457356/,https://dahlstrand.net/2023/02/03/summarize-any-content.html,301
dahlstrand.net/1675769056/,https://dahlstrand.net/2023/02/07/today-i-completed.html,301
dahlstrand.net/1676064235/,https://dahlstrand.net/2023/02/10/its-feedreaderfriday-again.html,301
dahlstrand.net/1676318822/,https://dahlstrand.net/2023/02/13/i-teamed-up.html,301
dahlstrand.net/1676537577/,https://dahlstrand.net/2023/02/16/i-will-not.html,301
dahlstrand.net/1676756715/,https://dahlstrand.net/2023/02/18/my-new-microblog.html,301
dahlstrand.net/1677585798/,https://dahlstrand.net/2023/02/28/this-post-is.html,301
dahlstrand.net/1679229208/,https://dahlstrand.net/2023/03/19/despite-some-slippery.html,301
dahlstrand.net/1679431774/,https://dahlstrand.net/2023/03/21/bill-gates-on.html,301
dahlstrand.net/1679470636/,https://dahlstrand.net/2023/03/22/heres-game-boy.html,301
dahlstrand.net/a-car-free-life/,https://dahlstrand.net/2013/02/24/a-carfree-life.html,301
dahlstrand.net/a-different-kind-of-software/,https://dahlstrand.net/2016/08/20/a-different-kind.html,301
dahlstrand.net/caipirissima/,https://dahlstrand.net/2010/01/31/caipirissima.html,301
dahlstrand.net/dagens-viktigaste-uppgift/,https://dahlstrand.net/2012/04/30/dagens-viktigaste-uppgift.html,301
dahlstrand.net/en-annan-sorts-mjukvara/,https://dahlstrand.net/2016/08/20/en-annan-sorts.html,301
dahlstrand.net/enklare-pa-jobbet-tre-boktips/,https://dahlstrand.net/2012/05/10/enklare-p-jobbet.html,301
dahlstrand.net/ett-bilfritt-liv/,https://dahlstrand.net/2013/02/24/ett-bilfritt-liv.html,301
dahlstrand.net/fem-tips-som-underlattar-livet-med-internet-explorer/,https://dahlstrand.net/2011/12/02/fem-tips-som.html,301
dahlstrand.net/forkovra-dig-i-responsiv-design/,https://dahlstrand.net/2011/12/07/frkovra-dig-i.html,301
dahlstrand.net/hoisting-och-funktioner-i-javascript/,https://dahlstrand.net/2013/01/07/hoisting-och-funktioner.html,301
dahlstrand.net/homebrew-en-pakethanterare-for-os-x/,https://dahlstrand.net/2010/02/04/homebrew-en-pakethanterare.html,301
dahlstrand.net/hur-du-blir-snabbare-i-terminal-app-bash/,https://dahlstrand.net/2010/02/09/hur-du-blir.html,301
dahlstrand.net/images/10-print.jpg,https://dahlstrand.net/uploads/2023/a23626d7e0.jpg,301
dahlstrand.net/images/adaptive-mb-ui.png,https://dahlstrand.net/uploads/2023/3afcc73880.png,301
dahlstrand.net/images/advent-calendar.jpg,https://dahlstrand.net/uploads/2023/4b7a4f432d.jpg,301
dahlstrand.net/images/andy-hiking.png,https://dahlstrand.net/uploads/2023/11f75cc8fb.png,301
dahlstrand.net/images/apple-pie.jpg,https://dahlstrand.net/uploads/2023/08addddd33.jpg,301
dahlstrand.net/images/arkiv-for-upphittade-anteckningar-e-bok.jpg,https://dahlstrand.net/uploads/2023/b9fa577644.jpg,301
dahlstrand.net/images/arkiv-for-upphittade-anteckningar.jpg,https://dahlstrand.net/uploads/2023/b68132e5cf.jpg,301
dahlstrand.net/images/bambi.jpg,https://dahlstrand.net/uploads/2023/369f94a813.jpg,301
dahlstrand.net/images/barbie.jpg,https://dahlstrand.net/uploads/2023/6338beb109.jpg,301
dahlstrand.net/images/bathrobe.jpg,https://dahlstrand.net/uploads/2023/73fb7e6df5.jpg,301
dahlstrand.net/images/blockquote-abuse.jpg,https://dahlstrand.net/uploads/2023/d8e3531065.jpg,301
dahlstrand.net/images/blomotto.jpg,https://dahlstrand.net/uploads/2023/aad6f0c279.jpg,301
dahlstrand.net/images/bloom.jpg,https://dahlstrand.net/uploads/2023/11890dc3bd.jpg,301
dahlstrand.net/images/bookmarks-shortcode.png,https://dahlstrand.net/uploads/2023/e256e43d53.png,301
dahlstrand.net/images/breakfast.jpg,https://dahlstrand.net/uploads/2023/6ecf01a553.jpg,301
dahlstrand.net/images/bubble-spread.jpg,https://dahlstrand.net/uploads/2023/93c78f124c.jpg,301
dahlstrand.net/images/buoy.jpg,https://dahlstrand.net/uploads/2023/86f4a31249.jpg,301
dahlstrand.net/images/caipirissima.jpg,https://dahlstrand.net/uploads/2023/bbde05133b.jpg,301
dahlstrand.net/images/camera-plus.jpg,https://dahlstrand.net/uploads/2023/dda13d2860.jpg,301
dahlstrand.net/images/caramel-candy.jpg,https://dahlstrand.net/uploads/2023/378f74edfe.jpg,301
dahlstrand.net/images/carrot-cake-and-fences.jpg,https://dahlstrand.net/uploads/2023/3a4d5a079e.jpg,301
dahlstrand.net/images/celeriac-soup.jpg,https://dahlstrand.net/uploads/2023/223fcf78f0.jpg,301
dahlstrand.net/images/christmas-tree.jpg,https://dahlstrand.net/uploads/2023/21d947c736.jpg,301
dahlstrand.net/images/clouds.jpg,https://dahlstrand.net/uploads/2023/8ae62fc5a8.jpg,301
dahlstrand.net/images/comfort-building.jpg,https://dahlstrand.net/uploads/2023/61cd53c555.jpg,301
dahlstrand.net/images/commodore-64.jpg,https://dahlstrand.net/uploads/2023/950c5924bb.jpg,301
dahlstrand.net/images/conversation-on-mb.png,https://dahlstrand.net/uploads/2023/08d70fa2cd.png,301
dahlstrand.net/images/dal.jpg,https://dahlstrand.net/uploads/2023/f87a31d958.jpg,301
dahlstrand.net/images/devil-gin.jpg,https://dahlstrand.net/uploads/2023/99a4172b64.jpg,301
dahlstrand.net/images/devterm.jpg,https://dahlstrand.net/uploads/2023/612bdfd742.jpg,301
dahlstrand.net/images/dock.jpg,https://dahlstrand.net/uploads/2023/9bd43965ab.jpg,301
dahlstrand.net/images/dosdimmer.jpg,https://dahlstrand.net/uploads/2023/0900612d51.jpg,301
dahlstrand.net/images/dribble.jpg,https://dahlstrand.net/uploads/2023/3b50038dbe.jpg,301
dahlstrand.net/images/dumme-mosse.jpg,https://dahlstrand.net/uploads/2023/4e47d844ef.jpg,301
dahlstrand.net/images/eddd215712.jpg,https://dahlstrand.net/uploads/2023/beverage.jpg,301
dahlstrand.net/images/electricity-price-tomorrow.png,https://dahlstrand.net/uploads/2023/17620641d6.png,301
dahlstrand.net/images/electricity-price.png,https://dahlstrand.net/uploads/2023/62e724cc5d.png,301
dahlstrand.net/images/ellen-keys-strand.jpg,https://dahlstrand.net/uploads/2023/0977c7a8b2.jpg,301
dahlstrand.net/images/endurance.jpg,https://dahlstrand.net/uploads/2023/e3918ef744.jpg,301
dahlstrand.net/images/everything-is-fine.jpg,https://dahlstrand.net/uploads/2023/b427ce0057.jpg,301
dahlstrand.net/images/fair.jpg,https://dahlstrand.net/uploads/2023/90e2be265c.jpg,301
dahlstrand.net/images/fanten.jpg,https://dahlstrand.net/uploads/2023/e15a658c21.jpg,301
dahlstrand.net/images/farfars-klocka.jpg,https://dahlstrand.net/uploads/2023/593fc0f1e8.jpg,301
dahlstrand.net/images/favorite-aunt-poster.png,https://dahlstrand.net/uploads/2023/5f6154526a.png,301
dahlstrand.net/images/feast.jpg,https://dahlstrand.net/uploads/2023/4238005ee0.jpg,301
dahlstrand.net/images/fish.jpg,https://dahlstrand.net/uploads/2023/af10fffb29.jpg,301
dahlstrand.net/images/flying-barrel.jpg,https://dahlstrand.net/uploads/2023/587b5d65f8.jpg,301
dahlstrand.net/images/forest-tower.jpg,https://dahlstrand.net/uploads/2023/0b67e15941.jpg,301
dahlstrand.net/images/fungirl.jpg,https://dahlstrand.net/uploads/2023/41e60c7c7c.jpg,301
dahlstrand.net/images/garden.jpg,https://dahlstrand.net/uploads/2023/ac5d175968.jpg,301
dahlstrand.net/images/gb-ct-scan.jpg,https://dahlstrand.net/uploads/2023/3ce5dbad92.jpg,301
dahlstrand.net/images/glossary-json-field-example.png,https://dahlstrand.net/uploads/2023/d27a0d0428.png,301
dahlstrand.net/images/godiskaktus.jpg,https://dahlstrand.net/uploads/2023/0142816963.jpg,301
dahlstrand.net/images/graze.jpg,https://dahlstrand.net/uploads/2023/4580fc685a.jpg,301
dahlstrand.net/images/green-beast.jpg,https://dahlstrand.net/uploads/2023/d84fb57058.jpg,301
dahlstrand.net/images/handwritten-post.jpg,https://dahlstrand.net/uploads/2023/5e88ae1603.jpg,301
dahlstrand.net/images/hav-poster.jpg,https://dahlstrand.net/uploads/2023/3bc2958739.jpg,301
dahlstrand.net/images/hav.jpg,https://dahlstrand.net/uploads/2023/551e261940.jpg,301
dahlstrand.net/images/heinrich-maneuver.jpg,https://dahlstrand.net/uploads/2023/ba6bfacbda.jpg,301
dahlstrand.net/images/hell-yes-css-cover.png,https://dahlstrand.net/uploads/2023/8a4726f90e.png,301
dahlstrand.net/images/hiaklitten.jpg,https://dahlstrand.net/uploads/2023/6865688bf6.jpg,301
dahlstrand.net/images/hygge.jpg,https://dahlstrand.net/uploads/2023/427534ee2a.jpg,301
dahlstrand.net/images/ice-one.jpg,https://dahlstrand.net/uploads/2023/1439175c07.jpg,301
dahlstrand.net/images/ice-photographer.jpg,https://dahlstrand.net/uploads/2023/206b41de87.jpg,301
dahlstrand.net/images/ice-three.jpg,https://dahlstrand.net/uploads/2023/c4bd6e125e.jpg,301
dahlstrand.net/images/ice-two.jpg,https://dahlstrand.net/uploads/2023/1eb74e5c86.jpg,301
dahlstrand.net/images/incredible-doom.jpg,https://dahlstrand.net/uploads/2023/619d90dfad.jpg,301
dahlstrand.net/images/indie-microblogging.jpg,https://dahlstrand.net/uploads/2023/9848acfc68.jpg,301
dahlstrand.net/images/indulgence.jpg,https://dahlstrand.net/uploads/2023/b1e8067e3a.jpg,301
dahlstrand.net/images/intricate.jpg,https://dahlstrand.net/uploads/2023/f1d4c05bed.jpg,301
dahlstrand.net/images/iphone.jpg,https://dahlstrand.net/uploads/2023/0e0858fcc0.jpg,301
dahlstrand.net/images/itris.jpg,https://dahlstrand.net/uploads/2023/27dbbd8cb5.jpg,301
dahlstrand.net/images/kantarellpizza.jpg,https://dahlstrand.net/uploads/2023/935d583368.jpg,301
dahlstrand.net/images/klint.jpg,https://dahlstrand.net/uploads/2023/1895f6baa4.jpg,301
dahlstrand.net/images/labyrinten.jpg,https://dahlstrand.net/uploads/2023/3862fbd4d3.jpg,301
dahlstrand.net/images/ladybug.jpg,https://dahlstrand.net/uploads/2023/6a1ea718ee.jpg,301
dahlstrand.net/images/lagos-in-eridu.png,https://dahlstrand.net/uploads/2023/a50d6187f3.png,301
dahlstrand.net/images/lake-viken-winter-2021.jpg,https://dahlstrand.net/uploads/2023/5300443a56.jpg,301
dahlstrand.net/images/lars.jpg,https://dahlstrand.net/uploads/2023/08af1ba78e.jpg,301
dahlstrand.net/images/laserwriter.png,https://dahlstrand.net/uploads/2023/148dbe80b3.png,301
dahlstrand.net/images/lilla-biblioteket-2.jpg,https://dahlstrand.net/uploads/2023/ba8645243d.jpg,301
dahlstrand.net/images/lilla-biblioteket.jpg,https://dahlstrand.net/uploads/2023/0c7cbb39b3.jpg,301
dahlstrand.net/images/magic-preview-cover.jpg,https://dahlstrand.net/uploads/2023/c102831b68.jpg,301
dahlstrand.net/images/market-square-haul.jpg,https://dahlstrand.net/uploads/2023/b3fd613c08.jpg,301
dahlstrand.net/images/maroon.jpg,https://dahlstrand.net/uploads/2023/cc2bff8216.jpg,301
dahlstrand.net/images/married.jpg,https://dahlstrand.net/uploads/2023/d1ad56810d.jpg,301
dahlstrand.net/images/mars-edit-shortcut.png,https://dahlstrand.net/uploads/2023/f89c256519.png,301
dahlstrand.net/images/mb-inline-editing.png,https://dahlstrand.net/uploads/2023/13320c11aa.png,301
dahlstrand.net/images/me-heart-games.jpg,https://dahlstrand.net/uploads/2023/970aa04763.jpg,301
dahlstrand.net/images/me.jpg,https://dahlstrand.net/uploads/2023/23afb51afd.jpg,301
dahlstrand.net/images/merlot.jpg,https://dahlstrand.net/uploads/2023/8a70a2627e.jpg,301
dahlstrand.net/images/micro-camp-sticker.jpg,https://dahlstrand.net/uploads/2023/0bd68ca5df.jpg,301
dahlstrand.net/images/micro-camp-teaser.jpg,https://dahlstrand.net/uploads/2023/0411dc1bc2.jpg,301
dahlstrand.net/images/nail-polish.png,https://dahlstrand.net/uploads/2023/cc283d02a2.png,301
dahlstrand.net/images/nemophila.jpg,https://dahlstrand.net/uploads/2023/ed344db13c.jpg,301
dahlstrand.net/images/new-post.png,https://dahlstrand.net/uploads/2023/50c9b2d335.png,301
dahlstrand.net/images/night-shift.jpg,https://dahlstrand.net/uploads/2023/ac5a619a92.jpg,301
dahlstrand.net/images/omelet-wrap.jpg,https://dahlstrand.net/uploads/2023/33b88598d4.jpg,301
dahlstrand.net/images/paper-lantern-plotting-poster.jpg,https://dahlstrand.net/uploads/2023/6bc93a10ee.jpg,301
dahlstrand.net/images/paper-lantern.jpg,https://dahlstrand.net/uploads/2023/c32dcfdf0e.jpg,301
dahlstrand.net/images/pen-plotter-poster.jpg,https://dahlstrand.net/uploads/2023/9fa21c8230.jpg,301
dahlstrand.net/images/photo.jpg,https://dahlstrand.net/uploads/2023/4156bceb2b.jpg,301
dahlstrand.net/images/pies.jpg,https://dahlstrand.net/uploads/2023/5edfe3fd40.jpg,301
dahlstrand.net/images/pile-of-books.jpg,https://dahlstrand.net/uploads/2023/fe109919b7.jpg,301
dahlstrand.net/images/plain.jpg,https://dahlstrand.net/uploads/2023/90f1541cf6.jpg,301
dahlstrand.net/images/plug-in-links.png,https://dahlstrand.net/uploads/2023/ac54c8d1d4.png,301
dahlstrand.net/images/pokey.jpg,https://dahlstrand.net/uploads/2023/011de5ab84.jpg,301
dahlstrand.net/images/pothead.jpg,https://dahlstrand.net/uploads/2023/1b2ec9de76.jpg,301
dahlstrand.net/images/pretty-rss.png,https://dahlstrand.net/uploads/2023/6d90639b2e.png,301
dahlstrand.net/images/prev-next.png,https://dahlstrand.net/uploads/2023/e50a137058.png,301
dahlstrand.net/images/profile-more-mockup.png,https://dahlstrand.net/uploads/2023/c77bd69753.png,301
dahlstrand.net/images/puppies.jpg,https://dahlstrand.net/uploads/2023/6b6d53d9ec.jpg,301
dahlstrand.net/images/pussel.jpg,https://dahlstrand.net/uploads/2023/72a1c14c45.jpg,301
dahlstrand.net/images/random.jpg,https://dahlstrand.net/uploads/2023/932f3e5c21.jpg,301
dahlstrand.net/images/re-fish-can.png,https://dahlstrand.net/uploads/2023/71bf6f45f2.png,301
dahlstrand.net/images/reply-by-email-alpha.png,https://dahlstrand.net/uploads/2023/88033de9de.png,301
dahlstrand.net/images/reply-by-email-screenshots.png,https://dahlstrand.net/uploads/2023/cd7f6f2309.png,301
dahlstrand.net/images/reply-on-mb.png,https://dahlstrand.net/uploads/2023/6d912799fd.png,301
dahlstrand.net/images/sankta-katarina.jpg,https://dahlstrand.net/uploads/2023/b6ee21f966.jpg,301
dahlstrand.net/images/schedule.jpg,https://dahlstrand.net/uploads/2023/3198dbdceb.jpg,301
dahlstrand.net/images/search-space-screenshot.png,https://dahlstrand.net/uploads/2023/f1290e2e38.png,301
dahlstrand.net/images/search-space-suggestions.png,https://dahlstrand.net/uploads/2023/7abca68ddb.png,301
dahlstrand.net/images/search-space-teaser.jpg,https://dahlstrand.net/uploads/2023/379088a900.jpg,301
dahlstrand.net/images/shortcuts-r-script-example.png,https://dahlstrand.net/uploads/2023/112c8eb0a9.png,301
dahlstrand.net/images/sidecar.jpg,https://dahlstrand.net/uploads/2023/c23eaf960f.jpg,301
dahlstrand.net/images/skogsbullebilen.jpg,https://dahlstrand.net/uploads/2023/273da16018.jpg,301
dahlstrand.net/images/snowy-tree-one.jpg,https://dahlstrand.net/uploads/2023/912f509454.jpg,301
dahlstrand.net/images/snowy-tree-two.jpg,https://dahlstrand.net/uploads/2023/b959a9dc91.jpg,301
dahlstrand.net/images/solstickan.jpg,https://dahlstrand.net/uploads/2023/57bbc93318.jpg,301
dahlstrand.net/images/spambots.jpg,https://dahlstrand.net/uploads/2023/2d131e1154.jpg,301
dahlstrand.net/images/spring-83.png,https://dahlstrand.net/uploads/2023/d7afc38862.png,301
dahlstrand.net/images/stenshuvud.jpg,https://dahlstrand.net/uploads/2023/86d0aae0dc.jpg,301
dahlstrand.net/images/stripes.jpg,https://dahlstrand.net/uploads/2023/70d54006e7.jpg,301
dahlstrand.net/images/study-in-progress-2.jpg,https://dahlstrand.net/uploads/2023/92dbfa8aca.jpg,301
dahlstrand.net/images/study-in-progress-3.jpg,https://dahlstrand.net/uploads/2023/2be1de956c.jpg,301
dahlstrand.net/images/study-in-progress-4.jpg,https://dahlstrand.net/uploads/2023/de782a5c4c.jpg,301
dahlstrand.net/images/study-in-progress.jpg,https://dahlstrand.net/uploads/2023/a4a2ad5eb7.jpg,301
dahlstrand.net/images/surprise-me.png,https://dahlstrand.net/uploads/2023/e14c612563.png,301
dahlstrand.net/images/sven.jpg,https://dahlstrand.net/uploads/2023/23afb51afd.jpg,301
dahlstrand.net/images/sweet-homepage.png,https://dahlstrand.net/uploads/2023/0e255eebd6.png,301
dahlstrand.net/images/switch.jpg,https://dahlstrand.net/uploads/2023/4c7813bacb.jpg,301
dahlstrand.net/images/symmetry.jpg,https://dahlstrand.net/uploads/2023/b0b43f5901.jpg,301
dahlstrand.net/images/system-collapse.jpg,https://dahlstrand.net/uploads/2023/cfeced096c.jpg,301
dahlstrand.net/images/tandborststall.jpg,https://dahlstrand.net/uploads/2023/dc435351ca.jpg,301
dahlstrand.net/images/tarantula.jpg,https://dahlstrand.net/uploads/2023/3c52dc8187.jpg,301
dahlstrand.net/images/tgif-text-expander.png,https://dahlstrand.net/uploads/2023/aaaf2a93f4.png,301
dahlstrand.net/images/thornhill.jpg,https://dahlstrand.net/uploads/2023/aec6850c83.jpg,301
dahlstrand.net/images/tiveden.jpg,https://dahlstrand.net/uploads/2023/e693c0c4d8.jpg,301
dahlstrand.net/images/tranquility.jpg,https://dahlstrand.net/uploads/2023/62ad6cda15.jpg,301
dahlstrand.net/images/triforcebling.jpg,https://dahlstrand.net/uploads/2023/b8a253e86c.jpg,301
dahlstrand.net/images/tufte-screenshot.png,https://dahlstrand.net/uploads/2023/6e15b93618.png
dahlstrand.net/images/tunic.jpg,https://dahlstrand.net/uploads/2023/7dfab026bd.jpg,301
dahlstrand.net/images/udden.jpg,https://dahlstrand.net/uploads/2023/2d3b991810.jpg,301
dahlstrand.net/images/vedalaboden.jpg,https://dahlstrand.net/uploads/2023/183b27cbc2.jpg
dahlstrand.net/images/waveshaper.jpg,https://dahlstrand.net/uploads/2023/da542c7ff3.jpg,301
dahlstrand.net/images/white-lotus.jpg,https://dahlstrand.net/uploads/2023/6b4501554a.jpg,301
dahlstrand.net/images/window-desk.jpg,https://dahlstrand.net/uploads/2023/84badae1a5.jpg,301
dahlstrand.net/images/wreath-2.jpg,https://dahlstrand.net/uploads/2023/80ddebcd8c.jpg,301
dahlstrand.net/images/wreath.jpg,https://dahlstrand.net/uploads/2023/c1a8713bfe.jpg,301
dahlstrand.net/images/written.jpg,https://dahlstrand.net/uploads/2023/0e98fde52c.jpg,301
dahlstrand.net/images/yard-sale.jpg,https://dahlstrand.net/uploads/2023/bf95b241d2.jpg,301
dahlstrand.net/images/yarny.jpg,https://dahlstrand.net/uploads/2023/805da59798.jpg,301
dahlstrand.net/images/yoshi-cross-stitch.jpg,https://dahlstrand.net/uploads/2023/b7a9e4f6fe.jpg,301
dahlstrand.net/inspiration/,https://dahlstrand.net/2011/12/05/inspiration.html,301
dahlstrand.net/karusell-med-bildtext-i-sitevision/,https://dahlstrand.net/2011/01/23/karusell-med-bildtext.html,301
dahlstrand.net/karusell-med-intelligenta-mallar-i-sitevision/,https://dahlstrand.net/2011/01/16/karusell-med-intelligenta.html,301
dahlstrand.net/kasta-om-din-dag/,https://dahlstrand.net/2013/02/07/kasta-om-din.html,301
dahlstrand.net/kontorspanel/,https://dahlstrand.net/2015/05/06/kontorspanel.html,301
dahlstrand.net/koppla-ner-och-av/,https://dahlstrand.net/2012/07/22/koppla-ner-och.html,301
dahlstrand.net/lars-and-the-inbox/,https://dahlstrand.net/2012/08/13/lars-and-the.html,301
dahlstrand.net/lars-och-inkorgen/,https://dahlstrand.net/2012/08/13/lars-och-inkorgen.html,301
dahlstrand.net/livereload-aldrig-mer-f5/,https://dahlstrand.net/2011/12/01/livereload-aldrig-mer.html,301
dahlstrand.net/mages/market-square-haul-2.jpg,https://dahlstrand.net/uploads/2023/b5f93fd962.jpg,301
dahlstrand.net/mc22/,https://dahlstrand.net/2022/03/11/micro-camp.html,301
dahlstrand.net/microblog.xml,http://dahlstrand.net/categories/notes/feed.xml,301
dahlstrand.net/mindre-prylar/,https://dahlstrand.net/2012/05/30/mindre-prylar.html,301
dahlstrand.net/nej-tack-till-reklam-en-gang-for-alla/,https://dahlstrand.net/2013/05/09/nej-tack-till.html,301
dahlstrand.net/notes/,https://dahlstrand.net/categories/notes/,301
dahlstrand.net/notes/feed.xml,http://dahlstrand.net/categories/notes/feed.xml,301
dahlstrand.net/operatorn-i-ruby/,https://dahlstrand.net/2010/02/23/operatorn-i-ruby.html,301
dahlstrand.net/petmoj/,https://dahlstrand.net/2016/01/24/petmoj.html,301
dahlstrand.net/projects/,https://dahlstrand.net/categories/projects/,301
dahlstrand.net/pussel/,https://dahlstrand.net/2015/09/07/pussel.html,301
dahlstrand.net/sex-ipadappar-for-webbnordar/,https://dahlstrand.net/2011/12/08/sex-ipadappar-fr.html,301
dahlstrand.net/sidecar/,https://dahlstrand.net/2010/02/07/sidecar.html,301
dahlstrand.net/slumpa-fram-artiklar-i-sitevision/,https://dahlstrand.net/2011/01/09/slumpa-fram-artiklar.html,301
dahlstrand.net/snabbare-webbsidor-ger-gladare-besokare/,https://dahlstrand.net/2011/12/04/snabbare-webbsidor-ger.html,301
dahlstrand.net/sounds/background-sounds.mp3,https://dahlstrand.net/uploads/2023/214038284f.mp3,301
dahlstrand.net/sounds/farfars-klocka.mp3,https://dahlstrand.net/uploads/2023/d78dc723fb.mp3,301
dahlstrand.net/sounds/hej-internet-snutt.mp3,https://dahlstrand.net/uploads/2023/86a4d20b26.mp3,301
dahlstrand.net/svenska-manadsnamn-pa-github-pages/,https://dahlstrand.net/2014/06/30/svenska-mnadsnamn-p.html,301
dahlstrand.net/tandborststall/,https://dahlstrand.net/2015/08/27/tandborststll.html,301
dahlstrand.net/tidstjuvar-och-nyttoappar/,https://dahlstrand.net/2012/07/14/tidstjuvar-och-nyttoappar.html,301
dahlstrand.net/tillbaka-till-skrivbordsapplikationer/,https://dahlstrand.net/2010/02/16/tillbaka-till-skrivbordsapplikationer.html,301
dahlstrand.net/triforcebling/,https://dahlstrand.net/2015/08/15/triforcebling.html,301
dahlstrand.net/tvinga-safari-att-oppna-alla-lankar-i-en-ny-tab/,https://dahlstrand.net/2010/02/01/tvinga-safari-att.html,301
dahlstrand.net/utveckla-iphone-och-android-appar-med-de-kunskaper-du-redan-har/,https://dahlstrand.net/2011/12/03/utveckla-iphone-och.html,301
dahlstrand.net/vaga-strypa-informationsflodet/,https://dahlstrand.net/2012/07/04/vga-strypa-informationsfldet.html,301
dahlstrand.net/videos/dmg-ct-scan.mp4,https://dahlstrand.net/uploads/2023/60c1186b64.mp4,301
dahlstrand.net/videos/favorite-aunt.mp4,https://dahlstrand.net/uploads/2023/7d2c4c1e80.mp4,301
dahlstrand.net/videos/handwritten-post.mp4,https://dahlstrand.net/uploads/2023/ea3326e4ee.mp4,301
dahlstrand.net/videos/hav.mp4,https://dahlstrand.net/uploads/2023/74fe3efd68.mp4,301
dahlstrand.net/videos/magic-preview.mp4,https://dahlstrand.net/uploads/2023/4254236794.mp4,301
dahlstrand.net/videos/paper-lantern-plotting.mp4,https://dahlstrand.net/uploads/2023/99e7710fea.mp4,301
dahlstrand.net/videos/pen-plotter.mp4,https://dahlstrand.net/uploads/2023/be907c7727.mp4,301
dahlstrand.net/videos/puppies.mp4,https://dahlstrand.net/uploads/2023/902a9b0532.mp4,301
dahlstrand.net/webbramverk-pa-microniva/,https://dahlstrand.net/2011/12/06/webbramverk-p-microniv.html,301
dahlstrand.net/week-1849/,https://dahlstrand.net/2021/08/24/week.html,301
dahlstrand.net/week-1850/,https://dahlstrand.net/2021/09/01/week.html,301
dahlstrand.net/week-1851/,https://dahlstrand.net/2021/09/15/week.html,301
dahlstrand.net/writing/,https://dahlstrand.net/categories/writing/,301
dahlstrand.net/www/,https://dahlstrand.net/2022/01/21/world-wide-web.html,301
dahlstrand.net/yard-sale/,https://dahlstrand.net/2022/08/08/online-yard-sale.html,301
